- name: Hannah Carter
  photo: CarterHannah.png
  info: Assistant Professor, started Jan 2013
  email: hkcarter@ucsd.edu
  number_educ: 5
  education1: Master 
  education2: PhD 
  education4: Example
  education5: test
  
- name: Rachel Marty
  photo: MartyRachel.png
  info: PhD Candidate
  email: rachelmarty20@gmail.com
  number_educ: 4
  education1: B.S. Computer Science, UCSD
  
- name: Brian Tsui
  photo: TsuiBrian.png
  info: PhD Candidate
  email: btsui@eng.ucsd.edu
  number_educ: 2
  education1: B.S. Computer Science, UCSD
  
- name: Michelle Dow
  photo: DowMichelle.png
  info: PhD Student
  email: mdow@eng.ucsd.edu
  number_educ: 1
  education1: B.S.

- name: Kivilcim Ozturk 
  photo: OzturkKivilcim.png
  info: PhD Student
  email: kozturk@eng.ucsd.edu
  number_educ: 1
  education1: B.S. 
  
- name: Su Xian
  photo: XianSu.png
  info: MS Student
  email: suxian@eng.ucsd.edu
  number_educ: 2
  education1: Bachelor National and Kapodistrian University of Athens with D Syvridis
  education2: Master TU Delft with <a href="http://vanderzantlab.tudelft.nl/">Herre van der Zant</a> 
  
- name: Andrea Castro
  photo: CastroAndrea.png
  info: PhD Student
  email: abc046@eng.ucsd.edu
  number_educ: 1
  education1: B.S. Microbiology Immunology and Molecular Genetics, UCLA

  
- name: Jessica Zhou  
  photo: ZhouJessica.png
  info: PhD Student
  email: jlz014@eng.ucsd.edu  
  number_educ: 2
  education1: B.S. Biomedical Engineering, USC
 
- name: "This could be you !"
  photo: rock.jpg
  info: See <a href="http://www.allanlab.org/vacancies">openings</a> for more info
  email: milan.allan@gmail.com
  number_educ: 0
  education1:  
  education2:  
  education3: 
  education4:  
